Page URL,Discovered
https://www.alkabirmachineryrentals.ae/get-quote,28 Apr 2026 (07:25 UTC)
https://www.alkabirmachineryrentals.ae/get-quote?machine=aluminum-scaffolding-2m-set,28 Apr 2026 (07:25 UTC)
https://www.alkabirmachineryrentals.ae/get-quote?machine=bosch-gsh-11-vc-jack-hammer,28 Apr 2026 (07:25 UTC)
https://www.alkabirmachineryrentals.ae/get-quote?machine=bosch-gsr-18v-battery-drill,28 Apr 2026 (07:25 UTC)
https://www.alkabirmachineryrentals.ae/get-quote?machine=bosch-gws-22-steel-cutter,28 Apr 2026 (07:25 UTC)
https://www.alkabirmachineryrentals.ae/get-quote?machine=cat-10-ton-roller-compactor,28 Apr 2026 (07:25 UTC)
https://www.alkabirmachineryrentals.ae/get-quote?machine=cummins-100kva-silent-generator,28 Apr 2026 (07:25 UTC)
https://www.alkabirmachineryrentals.ae/get-quote?machine=hilti-dd-150-core-cutting-machine,28 Apr 2026 (07:25 UTC)
https://www.alkabirmachineryrentals.ae/get-quote?machine=hilti-te-3000-jack-hammer,28 Apr 2026 (07:25 UTC)
https://www.alkabirmachineryrentals.ae/get-quote?machine=hilti-te-70-combihammer-drill,28 Apr 2026 (07:25 UTC)
https://www.alkabirmachineryrentals.ae/get-quote?machine=honda-20kva-portable-generator,28 Apr 2026 (07:25 UTC)
https://www.alkabirmachineryrentals.ae/get-quote?machine=makita-hm0870c-jack-hammer,28 Apr 2026 (07:25 UTC)
https://www.alkabirmachineryrentals.ae/get-quote?machine=perkins-350kva-diesel-generator,28 Apr 2026 (07:25 UTC)
https://www.alkabirmachineryrentals.ae/get-quote?machine=perkins-500kva-diesel-generator,28 Apr 2026 (07:25 UTC)
https://www.alkabirmachineryrentals.ae/get-quote?machine=wacker-neuson-power-trowel,28 Apr 2026 (07:25 UTC)
