Page URL,Ratio,Discovered
https://www.alkabirmachineryrentals.ae/locations/dubai-south,0.03,28 Apr 2026 (07:25 UTC)
https://www.alkabirmachineryrentals.ae/machinery?category=Silent Generators,0.02,28 Apr 2026 (07:25 UTC)
https://www.alkabirmachineryrentals.ae/get-quote?machine=bosch-gsh-11-vc-jack-hammer,0.02,28 Apr 2026 (07:25 UTC)
https://www.alkabirmachineryrentals.ae/machinery?category=Generators for Farming and Agriculture,0.02,28 Apr 2026 (07:25 UTC)
https://www.alkabirmachineryrentals.ae/machinery/generac-v20-tower-light,0.02,28 Apr 2026 (07:25 UTC)
https://www.alkabirmachineryrentals.ae/machinery?category=Construction Site Generators,0.02,28 Apr 2026 (07:25 UTC)
https://www.alkabirmachineryrentals.ae/machinery?category=3 Phase Generators,0.02,28 Apr 2026 (07:25 UTC)
https://www.alkabirmachineryrentals.ae/locations/arabian-ranches,0.03,28 Apr 2026 (07:25 UTC)
https://www.alkabirmachineryrentals.ae/locations/palm-jumeirah,0.03,28 Apr 2026 (07:25 UTC)
https://www.alkabirmachineryrentals.ae/machinery/perkins-500kva-diesel-generator,0.02,28 Apr 2026 (07:25 UTC)
https://www.alkabirmachineryrentals.ae/get-quote?machine=wacker-neuson-power-trowel,0.02,28 Apr 2026 (07:25 UTC)
https://www.alkabirmachineryrentals.ae/machinery?category=Landscaping,0.02,28 Apr 2026 (07:25 UTC)
https://www.alkabirmachineryrentals.ae/machinery?category=Pumps,0.02,28 Apr 2026 (07:25 UTC)
https://www.alkabirmachineryrentals.ae/services,0.02,28 Apr 2026 (07:25 UTC)
https://www.alkabirmachineryrentals.ae/machinery/makita-hm0870c-jack-hammer,0.02,28 Apr 2026 (07:25 UTC)
https://www.alkabirmachineryrentals.ae/categories?type=power tools,0.03,28 Apr 2026 (07:25 UTC)
https://www.alkabirmachineryrentals.ae/team,0.02,28 Apr 2026 (07:25 UTC)
https://www.alkabirmachineryrentals.ae/categories,0.03,28 Apr 2026 (07:25 UTC)
https://www.alkabirmachineryrentals.ae/get-quote?machine=honda-20kva-portable-generator,0.02,28 Apr 2026 (07:25 UTC)
https://www.alkabirmachineryrentals.ae/categories?type=air compressors,0.03,28 Apr 2026 (07:25 UTC)
https://www.alkabirmachineryrentals.ae/terms-of-services,0.06,28 Apr 2026 (07:25 UTC)
https://www.alkabirmachineryrentals.ae/locations,0.03,28 Apr 2026 (07:25 UTC)
https://www.alkabirmachineryrentals.ae/machinery/hilti-dd-150-core-cutting-machine,0.02,28 Apr 2026 (07:25 UTC)
https://www.alkabirmachineryrentals.ae/locations/damac-hills-2,0.03,28 Apr 2026 (07:25 UTC)
https://www.alkabirmachineryrentals.ae/machinery/makita-steel-bending-machine,0.02,28 Apr 2026 (07:25 UTC)
https://www.alkabirmachineryrentals.ae/machinery?category=Portable Generators,0.02,28 Apr 2026 (07:25 UTC)
https://www.alkabirmachineryrentals.ae/services/equipment-rental,0.03,28 Apr 2026 (07:25 UTC)
https://www.alkabirmachineryrentals.ae/get-quote?machine=perkins-350kva-diesel-generator,0.02,28 Apr 2026 (07:25 UTC)
https://www.alkabirmachineryrentals.ae/machinery?category=Air Compressors,0.02,28 Apr 2026 (07:25 UTC)
https://www.alkabirmachineryrentals.ae/machinery?category=Power Tools,0.02,28 Apr 2026 (07:25 UTC)
https://www.alkabirmachineryrentals.ae/locations/business-bay,0.02,28 Apr 2026 (07:25 UTC)
https://www.alkabirmachineryrentals.ae/machinery/honda-20kva-portable-generator,0.02,28 Apr 2026 (07:25 UTC)
https://www.alkabirmachineryrentals.ae/get-quote?machine=bosch-gws-22-steel-cutter,0.02,28 Apr 2026 (07:25 UTC)
https://www.alkabirmachineryrentals.ae/locations/al-lisaili,0.02,28 Apr 2026 (07:25 UTC)
https://www.alkabirmachineryrentals.ae/blogs,0.02,28 Apr 2026 (07:25 UTC)
https://www.alkabirmachineryrentals.ae/locations/downtown-dubai,0.03,28 Apr 2026 (07:25 UTC)
https://www.alkabirmachineryrentals.ae/get-quote?machine=perkins-500kva-diesel-generator,0.02,28 Apr 2026 (07:25 UTC)
https://www.alkabirmachineryrentals.ae/get-quote?machine=cummins-100kva-silent-generator,0.02,28 Apr 2026 (07:25 UTC)
https://www.alkabirmachineryrentals.ae/get-quote?machine=cat-10-ton-roller-compactor,0.02,28 Apr 2026 (07:25 UTC)
https://www.alkabirmachineryrentals.ae/machinery/hilti-te-70-combihammer-drill,0.02,28 Apr 2026 (07:25 UTC)
https://www.alkabirmachineryrentals.ae/machinery/hilti-te-3000-jack-hammer,0.02,28 Apr 2026 (07:25 UTC)
https://www.alkabirmachineryrentals.ae/privacy-policy,0.06,28 Apr 2026 (07:25 UTC)
https://www.alkabirmachineryrentals.ae/contact,0.03,28 Apr 2026 (07:25 UTC)
https://www.alkabirmachineryrentals.ae/machinery/bosch-gws-22-steel-cutter,0.02,28 Apr 2026 (07:25 UTC)
https://www.alkabirmachineryrentals.ae/machinery?category=Cleaning Equipment,0.02,28 Apr 2026 (07:25 UTC)
https://www.alkabirmachineryrentals.ae/machinery?category=Ladders,0.02,28 Apr 2026 (07:25 UTC)
https://www.alkabirmachineryrentals.ae/machinery/cummins-100kva-silent-generator,0.02,28 Apr 2026 (07:25 UTC)
https://www.alkabirmachineryrentals.ae/get-quote?machine=hilti-te-3000-jack-hammer,0.02,28 Apr 2026 (07:25 UTC)
https://www.alkabirmachineryrentals.ae/machinery?category=Generators,0.02,28 Apr 2026 (07:25 UTC)
https://www.alkabirmachineryrentals.ae/about,0.03,28 Apr 2026 (07:25 UTC)
https://www.alkabirmachineryrentals.ae/,0.02,28 Apr 2026 (07:25 UTC)
https://www.alkabirmachineryrentals.ae/machinery,0.02,28 Apr 2026 (07:25 UTC)
https://www.alkabirmachineryrentals.ae/categories?type=drills,0.03,28 Apr 2026 (07:25 UTC)
https://www.alkabirmachineryrentals.ae/machinery?category=Concrete Equipment,0.02,28 Apr 2026 (07:25 UTC)
https://www.alkabirmachineryrentals.ae/machinery?category=Welding Generators,0.02,28 Apr 2026 (07:25 UTC)
https://www.alkabirmachineryrentals.ae/machinery?category=Petrol Generators,0.02,28 Apr 2026 (07:25 UTC)
https://www.alkabirmachineryrentals.ae/services/maintenance-repair,0.03,28 Apr 2026 (07:25 UTC)
https://www.alkabirmachineryrentals.ae/machinery/perkins-350kva-diesel-generator,0.02,28 Apr 2026 (07:25 UTC)
https://www.alkabirmachineryrentals.ae/get-quote,0.02,28 Apr 2026 (07:25 UTC)
https://www.alkabirmachineryrentals.ae/locations/damac-hills-1,0.03,28 Apr 2026 (07:25 UTC)
https://www.alkabirmachineryrentals.ae/services/training,0.03,28 Apr 2026 (07:25 UTC)
https://www.alkabirmachineryrentals.ae/get-quote?machine=hilti-dd-150-core-cutting-machine,0.02,28 Apr 2026 (07:25 UTC)
https://www.alkabirmachineryrentals.ae/categories?type=lighting,0.03,28 Apr 2026 (07:25 UTC)
https://www.alkabirmachineryrentals.ae/machinery/bosch-gsh-11-vc-jack-hammer,0.02,28 Apr 2026 (07:25 UTC)
https://www.alkabirmachineryrentals.ae/get-quote?machine=bosch-gsr-18v-battery-drill,0.02,28 Apr 2026 (07:25 UTC)
https://www.alkabirmachineryrentals.ae/machinery?category=Cutting Machines,0.02,28 Apr 2026 (07:25 UTC)
https://www.alkabirmachineryrentals.ae/machinery/cat-10-ton-roller-compactor,0.02,28 Apr 2026 (07:25 UTC)
https://www.alkabirmachineryrentals.ae/services/transportation,0.03,28 Apr 2026 (07:25 UTC)
https://www.alkabirmachineryrentals.ae/machinery?category=Diesel Generators,0.02,28 Apr 2026 (07:25 UTC)
https://www.alkabirmachineryrentals.ae/machinery/diesel-concrete-mixture-500l,0.02,28 Apr 2026 (07:25 UTC)
https://www.alkabirmachineryrentals.ae/locations/the-valley-by-emaar,0.03,28 Apr 2026 (07:25 UTC)
https://www.alkabirmachineryrentals.ae/machinery/aluminum-scaffolding-2m-set,0.02,28 Apr 2026 (07:25 UTC)
https://www.alkabirmachineryrentals.ae/categories?type=compactors,0.03,28 Apr 2026 (07:25 UTC)
https://www.alkabirmachineryrentals.ae/machinery?category=Scaffolding,0.02,28 Apr 2026 (07:25 UTC)
https://www.alkabirmachineryrentals.ae/categories?type=concrete equipment,0.03,28 Apr 2026 (07:25 UTC)
https://www.alkabirmachineryrentals.ae/get-quote?machine=hilti-te-70-combihammer-drill,0.02,28 Apr 2026 (07:25 UTC)
https://www.alkabirmachineryrentals.ae/services/operator-services,0.03,28 Apr 2026 (07:25 UTC)
https://www.alkabirmachineryrentals.ae/machinery/bosch-gsr-18v-battery-drill,0.02,28 Apr 2026 (07:25 UTC)
https://www.alkabirmachineryrentals.ae/machinery/zamil-12m-aluminum-ladder,0.02,28 Apr 2026 (07:25 UTC)
https://www.alkabirmachineryrentals.ae/categories?type=scaffolding,0.03,28 Apr 2026 (07:25 UTC)
https://www.alkabirmachineryrentals.ae/machinery?category=Compactors,0.02,28 Apr 2026 (07:25 UTC)
https://www.alkabirmachineryrentals.ae/services/consulting,0.03,28 Apr 2026 (07:25 UTC)
https://www.alkabirmachineryrentals.ae/machinery?category=Generators for Event,0.02,28 Apr 2026 (07:25 UTC)
https://www.alkabirmachineryrentals.ae/machinery/wacker-neuson-power-trowel,0.02,28 Apr 2026 (07:25 UTC)
https://www.alkabirmachineryrentals.ae/get-quote?machine=makita-hm0870c-jack-hammer,0.02,28 Apr 2026 (07:25 UTC)
https://www.alkabirmachineryrentals.ae/machinery?category=Lighting,0.02,28 Apr 2026 (07:25 UTC)
https://www.alkabirmachineryrentals.ae/locations/jebel-ali-industrial,0.03,28 Apr 2026 (07:25 UTC)
https://www.alkabirmachineryrentals.ae/get-quote?machine=aluminum-scaffolding-2m-set,0.02,28 Apr 2026 (07:25 UTC)
https://www.alkabirmachineryrentals.ae/machinery?category=Drills,0.02,28 Apr 2026 (07:25 UTC)
https://www.alkabirmachineryrentals.ae/locations/saih-al-salam,0.02,28 Apr 2026 (07:25 UTC)
https://www.alkabirmachineryrentals.ae/machinery/altrad-interlock-cutter,0.02,28 Apr 2026 (07:25 UTC)
https://www.alkabirmachineryrentals.ae/machinery?category=Construction Site,0.02,28 Apr 2026 (07:25 UTC)
https://www.alkabirmachineryrentals.ae/locations/al-quoz,0.02,28 Apr 2026 (07:25 UTC)
https://www.alkabirmachineryrentals.ae/categories?type=generators,0.03,28 Apr 2026 (07:25 UTC)
